{"cameraMode":{"drawMode":0,"name":"Shaded","section":"Shading Mode"},"sceneLighting":false,"audioPlay":false,"sceneViewState":{"showFog":true,"showMaterialUpdate":true,"showSkybox":true,"showFlares":true,"showImageEffects":true,"showParticleSystems":true},"in2DMode":false,"pivot":{"x":1.813251256942749,"y":7.832491874694824,"z":-1.202789306640625},"rotation":{"x":-0.016074346378445627,"y":-0.9532336592674255,"z":-0.05152469873428345,"w":0.2973760664463043},"size":19.425363540649415,"orthographic":true}